time,prod,ra,rb,rc,b1,b2,energy
2025-07-16 13:03:01,859,897,338,370,588,13,559
2025-07-16 13:03:02,174,977,652,81,725,530,534
2025-07-16 13:03:03,115,432,409,128,4,203,430
2025-07-16 13:03:04,744,136,900,245,280,953,937
2025-07-16 13:03:05,441,278,109,910,265,341,209
2025-07-16 13:03:06,836,690,663,343,175,849,909
2025-07-16 13:03:07,313,974,870,961,639,779,252
2025-07-16 13:03:08,308,819,941,83,932,323,706
2025-07-16 13:03:09,418,816,999,33,569,480,787
2025-07-16 13:03:10,329,654,629,318,676,599,171
2025-07-16 13:03:11,21,348,148,78,345,72,299
2025-07-16 13:03:12,281,645,415,283,201,863,115
2025-07-16 13:03:13,717,210,318,81,455,506,718
2025-07-16 13:03:14,97,705,942,732,327,426,693
2025-07-16 13:03:15,258,821,285,677,618,606,316
2025-07-16 13:03:16,979,121,654,738,784,32,408
2025-07-16 13:03:17,978,136,287,639,618,827,406
2025-07-16 13:03:18,316,451,624,945,716,845,864
2025-07-16 13:03:19,961,264,105,459,850,970,427
2025-07-16 13:03:20,309,763,49,364,209,57,63
2025-07-16 13:03:21,74,937,871,303,929,839,554
2025-07-16 13:03:22,389,208,245,752,306,371,578
2025-07-16 13:03:23,460,237,712,403,970,47,356
2025-07-16 13:03:24,858,860,508,952,776,705,782
2025-07-16 13:03:25,421,345,866,905,232,988,994
2025-07-16 13:03:26,326,788,879,418,531,99,615
2025-07-16 13:03:27,955,296,399,651,338,649,303
2025-07-16 13:03:28,641,823,619,745,262,784,799
2025-07-16 13:03:29,221,101,869,209,310,335,894
2025-07-16 13:03:30,44,306,751,218,405,228,128
2025-07-16 13:03:31,867,635,320,227,18,889,691
2025-07-16 13:03:32,911,718,852,567,499,344,325
2025-07-16 13:03:33,619,302,782,371,677,726,571
2025-07-16 13:03:34,813,923,519,321,890,194,690
2025-07-16 13:03:35,127,123,584,872,169,908,750
2025-07-16 13:03:36,376,724,867,953,517,783,258
2025-07-16 13:03:37,794,376,992,563,38,592,521
2025-07-16 13:03:38,415,168,748,642,181,670,876
2025-07-16 13:03:39,915,195,952,116,494,500,882
2025-07-16 13:03:40,626,341,361,859,231,436,678
2025-07-16 13:03:41,227,149,199,815,499,230,506
2025-07-16 13:03:42,386,585,900,283,390,437,56
2025-07-16 13:03:43,667,544,874,726,125,966,903
2025-07-16 13:03:44,855,439,12,165,850,77,535
2025-07-16 13:03:45,732,677,515,29,492,568,745
2025-07-16 13:03:46,106,387,698,629,636,0,874
2025-07-16 13:03:47,671,64,473,744,843,925,676
2025-07-16 13:03:48,182,488,549,83,728,173,908
2025-07-16 13:03:49,876,817,728,276,672,225,724
2025-07-16 13:03:50,134,119,891,480,530,139,714
2025-07-16 13:03:51,907,98,608,117,529,925,967
2025-07-16 13:03:52,38,101,755,481,54,351,32
2025-07-16 13:03:53,61,348,375,863,776,578,483
2025-07-16 13:03:54,689,705,169,809,987,780,725
2025-07-16 13:03:55,854,743,603,69,785,554,961
2025-07-16 13:03:56,832,567,586,327,772,875,16
2025-07-16 13:03:57,350,460,776,965,958,4,934
2025-07-16 13:03:58,793,189,121,122,837,308,211
2025-07-16 13:03:59,930,367,739,206,191,448,231
2025-07-16 13:04:00,138,820,486,460,201,666,707
2025-07-16 13:04:01,74,425,320,899,635,670,244
2025-07-16 13:04:02,231,709,504,750,703,515,169
2025-07-16 13:04:03,827,843,72,635,507,894,537
2025-07-16 13:04:04,4,585,397,103,605,548,607
2025-07-16 13:04:05,559,205,773,604,640,981,316
2025-07-16 13:04:06,488,245,898,778,293,811,906
2025-07-16 13:04:07,879,245,132,100,342,812,51
2025-07-16 13:04:08,17,108,32,2,64,811,852
2025-07-16 13:04:09,169,804,229,836,996,937,232
2025-07-16 13:04:10,333,277,543,455,109,834,718
2025-07-16 13:04:11,368,803,497,501,375,345,497
2025-07-16 13:04:12,474,848,810,669,567,226,777
2025-07-16 13:04:13,629,677,499,609,281,534,970
2025-07-16 13:04:14,525,723,623,581,792,820,722
2025-07-16 13:04:15,317,946,72,755,640,92,211
2025-07-16 13:04:16,836,862,456,18,442,510,138
2025-07-16 13:04:17,212,53,434,112,742,214,754
2025-07-16 13:04:18,273,508,309,764,485,523,121
2025-07-16 13:04:19,354,58,176,522,91,832,758
2025-07-16 13:04:20,874,95,803,681,837,721,816
2025-07-16 13:04:21,422,792,334,488,282,403,3
2025-07-16 13:04:22,703,134,43,657,474,356,516
2025-07-16 13:04:23,990,235,762,974,937,523,726
2025-07-16 13:04:24,860,308,255,953,526,158,978
2025-07-16 13:04:25,609,604,661,658,754,647,576
2025-07-16 13:04:26,387,776,11,579,455,563,684
2025-07-16 13:04:27,172,673,535,713,988,771,552
2025-07-16 13:04:28,106,844,118,183,323,103,252
2025-07-16 13:04:29,893,341,731,144,53,331,219
2025-07-16 13:04:30,845,214,159,169,120,463,379
2025-07-16 13:04:31,25,162,786,187,620,784,574
2025-07-16 13:04:32,677,900,9,509,626,688,505
2025-07-16 13:04:33,981,415,221,330,730,673,545
2025-07-16 13:04:34,564,284,36,635,587,318,942
2025-07-16 13:04:35,491,667,390,3,850,399,381
2025-07-16 13:04:36,986,198,904,6,710,266,490
2025-07-16 13:04:37,563,277,964,144,742,209,555
2025-07-16 13:04:38,700,978,794,915,218,576,869
2025-07-16 13:04:39,103,792,967,660,677,128,58
2025-07-16 13:04:40,464,295,944,468,460,787,376
2025-07-16 13:04:41,193,520,948,470,101,283,728
2025-07-16 13:04:42,770,435,673,434,701,139,936
2025-07-16 13:04:43,913,713,67,298,724,191,412
2025-07-16 13:04:44,403,626,98,25,936,137,769
2025-07-16 13:04:45,524,343,635,729,899,175,335
2025-07-16 13:04:46,620,517,555,138,888,388,423
2025-07-16 13:04:47,211,864,558,615,635,781,101
2025-07-16 13:04:48,557,250,969,669,65,839,290
2025-07-16 13:04:49,327,200,413,376,857,712,405
2025-07-16 13:04:50,260,706,890,260,54,50,662
2025-07-16 13:04:51,822,673,231,911,215,39,899
2025-07-16 13:04:52,366,193,230,133,405,771,63
2025-07-16 13:04:53,337,265,785,72,245,845,528
2025-07-16 13:04:54,512,499,847,37,953,460,14
2025-07-16 13:04:55,874,391,749,825,747,520,247
2025-07-16 13:04:56,253,467,958,494,703,356,658
2025-07-16 13:04:57,335,741,608,418,3,677,68
2025-07-16 13:04:58,83,846,301,704,630,847,976
2025-07-16 13:04:59,746,622,381,340,652,413,988
2025-07-16 13:05:00,170,530,127,67,669,684,109
2025-07-16 13:05:01,27,128,830,89,573,448,627
2025-07-16 13:05:02,966,724,432,67,973,616,183
2025-07-16 13:05:03,38,294,255,370,343,686,310
2025-07-16 13:05:04,149,228,879,354,101,976,882
2025-07-16 13:05:05,745,753,697,399,321,568,479
2025-07-16 13:05:06,866,964,234,568,547,578,549
2025-07-16 13:05:07,709,732,166,899,188,239,651
2025-07-16 13:05:08,251,238,199,452,578,123,574
2025-07-16 13:05:09,384,569,623,410,441,544,895
2025-07-16 13:05:10,878,701,861,641,990,576,907
2025-07-16 13:05:11,670,928,698,574,324,58,938
2025-07-16 13:05:12,379,670,76,90,381,216,830
2025-07-16 13:05:13,955,356,206,548,510,262,451
2025-07-16 13:05:14,538,719,430,469,81,833,457
2025-07-16 13:05:15,774,190,196,175,983,190,336
2025-07-16 13:05:16,714,326,416,677,294,213,505
2025-07-16 13:05:17,641,545,52,594,145,340,495
2025-07-16 13:05:18,833,754,172,384,801,269,554
2025-07-16 13:05:19,523,805,816,466,244,378,230
2025-07-16 13:05:20,620,598,741,592,562,993,985
2025-07-16 13:05:21,839,864,525,455,899,846,543
2025-07-16 13:05:22,228,597,14,332,604,632,272
2025-07-16 13:05:23,929,241,55,899,718,95,554
2025-07-16 13:05:24,18,948,45,476,582,963,70
2025-07-16 13:05:25,4,490,329,28,633,519,211
2025-07-16 13:05:26,522,615,241,348,601,691,270
2025-07-16 13:05:27,165,781,268,969,348,834,608
2025-07-16 13:05:28,450,910,167,572,418,303,198
2025-07-16 13:05:29,290,269,111,991,305,423,388
2025-07-16 13:05:30,77,76,910,863,119,502,116
2025-07-16 13:05:31,624,761,164,736,634,847,934
2025-07-16 13:05:32,787,326,368,717,264,70,355
2025-07-16 13:05:33,249,29,764,191,740,88,916
2025-07-16 13:05:34,900,914,765,541,464,755,592
2025-07-16 13:05:35,154,235,370,280,81,108,704
2025-07-16 13:05:36,899,368,23,649,733,533,585
2025-07-16 13:05:37,137,379,490,493,934,499,301
2025-07-16 13:05:38,855,811,563,71,309,388,311
2025-07-16 13:05:39,533,547,887,760,740,953,546
2025-07-16 13:05:40,989,403,433,932,547,473,641
2025-07-16 13:05:41,711,936,205,726,894,298,676
2025-07-16 13:05:42,816,847,732,235,538,692,941
2025-07-16 13:05:43,373,597,365,996,143,809,440
2025-07-16 13:05:44,249,464,297,735,683,811,252
2025-07-16 13:05:45,201,714,35,436,695,891,575
2025-07-16 13:05:46,937,378,665,423,712,563,406
2025-07-16 13:05:47,37,385,259,944,469,408,102
2025-07-16 13:05:48,68,941,599,234,852,327,569
2025-07-16 13:05:49,470,989,285,321,530,781,799
2025-07-16 13:05:50,229,429,666,765,749,975,473
2025-07-16 13:05:51,863,273,13,891,999,906,585
2025-07-16 13:05:52,89,917,958,261,238,320,946
2025-07-16 13:05:53,560,1,737,638,375,124,225
2025-07-16 13:05:54,413,381,582,313,624,354,801
2025-07-16 13:05:55,806,393,643,694,195,920,563
2025-07-16 13:05:56,385,546,358,489,909,872,435
2025-07-16 13:05:57,375,503,409,865,207,766,874
2025-07-16 13:05:58,22,963,247,868,308,753,332
2025-07-16 13:05:59,160,528,288,567,686,899,938
2025-07-16 13:06:00,368,41,564,132,587,660,803
2025-07-16 13:06:01,435,344,595,864,865,921,259
2025-07-16 13:06:02,970,223,11,899,985,83,898
2025-07-16 13:06:03,430,789,228,926,748,827,749
2025-07-16 13:06:04,473,855,257,411,787,510,450
2025-07-16 13:06:05,307,648,318,199,8,717,951
2025-07-16 13:06:06,30,208,827,346,770,322,616
2025-07-16 13:06:07,235,218,365,892,920,100,477
2025-07-16 13:06:08,618,898,255,890,447,392,364
2025-07-16 13:06:09,648,653,622,220,333,714,568
2025-07-16 13:06:10,374,392,297,930,202,803,143
2025-07-16 13:06:11,89,684,398,869,157,366,209
2025-07-16 13:06:12,433,433,14,181,603,335,716
2025-07-16 13:06:13,768,3,349,967,889,662,746
2025-07-16 13:06:14,86,487,391,99,457,711,836
2025-07-16 13:06:15,909,913,425,541,490,999,339
2025-07-16 13:06:16,492,986,876,459,288,796,963
2025-07-16 13:06:17,377,241,596,713,757,55,303
2025-07-16 13:06:18,448,453,168,646,865,77,544
2025-07-16 13:06:19,438,305,138,250,427,375,690
2025-07-16 13:06:20,508,110,634,410,729,590,312
2025-07-16 13:06:21,570,526,371,72,639,254,782
2025-07-16 13:06:22,91,760,730,146,947,909,461
2025-07-16 13:06:23,557,756,29,339,542,511,978
2025-07-16 13:06:24,743,85,498,26,51,472,279
2025-07-16 13:06:25,873,223,207,303,113,45,234
2025-07-16 13:06:26,986,710,143,990,98,343,485
2025-07-16 13:06:27,718,924,254,929,268,931,473
2025-07-16 13:06:28,921,196,665,618,227,946,997
2025-07-16 13:06:29,45,746,942,642,350,41,596
2025-07-16 13:06:30,509,506,305,377,205,391,671
2025-07-16 13:06:31,894,216,533,94,588,427,588
2025-07-16 13:06:32,578,23,832,525,979,598,601
2025-07-16 13:06:33,149,355,907,10,902,391,981
2025-07-16 13:06:34,47,56,782,478,505,889,841
2025-07-16 13:06:35,477,979,693,962,554,46,487
2025-07-16 13:06:36,916,38,339,210,474,430,189
2025-07-16 13:06:37,767,275,824,433,691,183,973
2025-07-16 13:06:38,970,872,550,938,715,898,698
2025-07-16 13:06:39,314,571,882,916,309,88,854
2025-07-16 13:06:40,282,791,130,729,847,665,746
2025-07-16 13:06:41,827,765,472,62,724,270,295
2025-07-16 13:06:42,605,288,367,431,155,844,640
2025-07-16 13:06:43,663,792,860,561,448,430,719
2025-07-16 13:06:44,197,282,152,518,391,82,759
2025-07-16 13:06:45,520,951,402,287,491,974,810
2025-07-16 13:06:46,472,249,183,913,133,270,891
2025-07-16 13:06:47,990,969,716,164,39,522,439
2025-07-16 13:06:48,749,964,843,547,618,935,406
2025-07-16 13:06:49,723,159,26,916,758,86,776
2025-07-16 13:06:50,782,439,85,328,893,178,76
2025-07-16 13:06:51,835,961,381,91,572,691,646
2025-07-16 13:06:52,727,553,494,618,944,89,816
2025-07-16 13:06:53,760,755,196,471,88,498,111
2025-07-16 13:06:54,320,736,261,171,165,655,662
2025-07-16 13:06:55,936,616,559,477,577,986,744
2025-07-16 13:06:56,473,131,298,40,904,906,603
2025-07-16 13:06:57,636,489,620,474,126,485,931
2025-07-16 13:06:58,709,885,343,294,747,764,492
2025-07-16 13:06:59,199,471,224,381,546,409,69
2025-07-16 13:07:00,393,120,103,877,252,632,815
2025-07-16 13:07:01,227,208,767,223,111,549,359
2025-07-16 13:07:02,844,825,722,922,582,490,893
2025-07-16 13:07:03,880,9,217,492,459,521,201
2025-07-16 13:07:04,529,722,767,871,271,126,533
2025-07-16 13:07:05,431,742,30,782,397,995,221
2025-07-16 13:07:06,70,613,837,709,946,594,790
2025-07-16 13:07:07,162,155,253,610,226,865,938
2025-07-16 13:07:08,668,256,947,865,376,225,928
2025-07-16 13:07:09,705,933,240,148,334,125,206
2025-07-16 13:07:10,978,477,942,870,48,868,545
2025-07-16 13:07:11,548,962,111,748,393,1,233
2025-07-16 13:07:12,272,912,958,715,562,938,946
2025-07-16 13:07:13,469,154,347,681,385,760,861
2025-07-16 13:07:14,929,748,220,526,313,12,186
2025-07-16 13:07:15,537,630,933,748,19,822,276
2025-07-16 13:07:16,934,99,430,276,363,786,312
2025-07-16 13:07:17,361,434,221,916,143,46,348
2025-07-16 13:07:18,754,625,231,245,658,820,684
2025-07-16 13:07:19,927,145,913,399,962,938,268
2025-07-16 13:07:20,764,188,474,143,605,696,353
2025-07-16 13:07:21,86,143,578,972,890,260,426
2025-07-16 13:07:22,733,58,329,548,145,332,92
2025-07-16 13:07:23,224,618,256,280,994,753,269
2025-07-16 13:07:24,298,746,537,887,26,814,789
2025-07-16 13:07:25,558,981,161,241,657,401,766
2025-07-16 13:07:26,346,460,410,151,662,144,73
2025-07-16 13:07:27,558,768,753,480,981,351,534
2025-07-16 13:07:28,35,305,680,649,258,339,352
2025-07-16 13:07:29,462,752,200,709,992,655,363
2025-07-16 13:07:30,427,666,490,924,532,355,424
2025-07-16 13:07:31,32,576,660,40,892,200,584
2025-07-16 13:07:32,537,413,588,41,742,982,132
2025-07-16 13:07:33,806,679,914,128,912,847,829
2025-07-16 13:07:34,437,649,639,248,892,429,772
2025-07-16 13:07:35,331,401,518,7,777,256,578
2025-07-16 13:07:36,571,120,320,580,148,48,466
2025-07-16 13:07:37,660,865,95,419,700,592,675
2025-07-16 13:07:38,77,346,873,861,78,210,692
2025-07-16 13:07:39,973,210,302,629,331,991,140
2025-07-16 13:07:40,405,161,406,405,830,882,892
2025-07-16 13:07:41,916,381,458,658,768,540,380
2025-07-16 13:07:42,938,70,940,625,448,294,179
2025-07-16 13:07:43,20,253,290,402,102,634,988
2025-07-16 13:07:44,727,437,960,126,415,478,946
2025-07-16 13:07:45,247,771,46,150,890,373,30
2025-07-16 13:07:46,802,152,966,126,373,406,446
2025-07-16 13:07:47,124,192,631,298,322,469,530
2025-07-16 13:07:48,431,565,281,240,214,4,525
2025-07-16 13:07:49,278,939,771,122,534,170,668
2025-07-16 13:07:50,874,393,432,955,826,936,169
2025-07-16 13:07:51,713,349,282,365,998,658,320
2025-07-16 13:07:52,921,499,895,719,295,429,195
2025-07-16 13:07:53,739,137,584,818,159,857,865
2025-07-16 13:07:54,980,383,663,196,8,318,70
2025-07-16 13:07:55,587,772,22,231,465,365,436
2025-07-16 13:07:56,922,129,718,145,29,723,439
2025-07-16 13:07:57,704,379,454,16,850,644,647
2025-07-16 13:07:58,841,515,998,31,966,86,383
2025-07-16 13:07:59,560,596,67,869,866,413,754
2025-07-16 13:08:00,233,75,343,154,400,8,655
2025-07-16 13:08:01,955,386,979,309,497,675,503
2025-07-16 13:08:02,332,979,811,508,323,617,606
2025-07-16 13:08:03,262,847,624,888,649,813,175
2025-07-16 13:08:04,947,74,239,66,477,57,750
2025-07-16 13:08:05,316,897,847,51,929,115,80
2025-07-16 13:08:06,268,134,820,881,121,459,103
2025-07-16 13:08:07,920,10,870,578,180,723,719
2025-07-16 13:08:08,621,891,746,882,736,431,150
2025-07-16 13:08:09,472,803,35,343,875,240,484
2025-07-16 13:08:10,617,598,383,817,380,87,746
2025-07-16 13:08:11,648,817,479,24,326,826,611
2025-07-16 13:08:12,422,840,139,711,215,662,147
2025-07-16 13:08:13,380,630,265,398,149,849,251
2025-07-16 13:08:14,857,932,145,241,48,897,307
2025-07-16 13:08:15,631,304,564,567,250,932,736
2025-07-16 13:08:16,558,62,389,782,686,955,867
2025-07-16 13:08:17,188,316,302,315,646,279,269
2025-07-16 13:08:18,110,168,666,226,252,305,133
2025-07-16 13:08:19,244,684,821,175,272,103,805
2025-07-16 13:08:20,486,927,571,791,90,607,950
2025-07-16 13:08:21,194,512,481,774,929,704,509
2025-07-16 13:08:22,12,740,956,874,477,622,817
2025-07-16 13:08:23,761,400,709,429,104,605,748
2025-07-16 13:08:24,952,813,573,768,223,807,126
2025-07-16 13:08:25,757,244,669,586,725,14,703
2025-07-16 13:08:26,146,752,941,931,548,984,405
2025-07-16 13:08:27,623,435,999,221,112,756,5
2025-07-16 13:08:28,954,522,980,712,473,561,668
2025-07-16 13:08:29,636,589,789,940,205,134,140
2025-07-16 13:08:30,960,293,321,970,260,930,88
2025-07-16 13:08:31,693,35,900,17,916,297,375
2025-07-16 13:08:32,480,67,297,669,805,521,531
2025-07-16 13:08:33,688,267,751,703,193,669,278
2025-07-16 13:08:34,495,529,51,402,541,340,165
2025-07-16 13:08:35,153,96,188,91,221,548,640
2025-07-16 13:08:36,140,16,381,941,919,745,361
2025-07-16 13:08:37,129,295,817,393,431,563,981
2025-07-16 13:08:38,940,148,121,217,474,117,377
2025-07-16 13:08:39,312,599,746,406,212,853,352
2025-07-16 13:08:40,457,976,604,217,682,846,841
2025-07-16 13:08:41,352,689,2,823,250,185,893
2025-07-16 13:08:42,326,840,29,364,237,129,9
2025-07-16 13:08:43,336,364,126,228,33,494,240
2025-07-16 13:08:44,341,969,305,434,937,276,116
2025-07-16 13:08:45,437,98,191,382,501,805,998
2025-07-16 13:08:46,732,290,863,802,139,349,482
2025-07-16 13:08:47,534,435,387,991,996,862,487
2025-07-16 13:08:48,654,312,825,60,846,785,860
2025-07-16 13:08:49,579,537,819,603,29,778,45
2025-07-16 13:08:50,89,164,741,300,604,309,939
2025-07-16 13:08:51,978,277,961,518,731,720,336
2025-07-16 13:08:52,704,966,124,443,612,716,367
2025-07-16 13:08:53,9,122,167,532,833,505,746
2025-07-16 13:08:54,560,610,115,352,872,342,851
2025-07-16 13:08:55,9,837,114,625,603,729,16
2025-07-16 13:08:56,148,323,494,462,782,594,72
2025-07-16 13:08:57,120,172,453,820,399,3,838
2025-07-16 13:08:58,824,139,645,341,737,23,49
2025-07-16 13:08:59,347,975,358,493,727,547,104
2025-07-16 13:09:00,218,414,35,339,141,270,528
2025-07-16 13:09:01,775,422,71,303,680,852,780
2025-07-16 13:09:02,788,653,618,500,96,493,240
2025-07-16 13:09:03,651,911,273,295,22,537,309
2025-07-16 13:09:04,391,117,101,888,879,18,424
2025-07-16 13:09:05,254,647,441,401,958,614,535
2025-07-16 13:09:06,420,422,561,399,180,413,765
2025-07-16 13:09:07,518,97,198,193,37,432,708
2025-07-16 13:09:08,592,73,293,908,675,633,784
2025-07-16 13:09:09,81,966,403,617,810,741,956
2025-07-16 13:09:10,646,214,885,698,276,920,494
2025-07-16 13:09:11,724,628,382,400,607,312,736
2025-07-16 13:09:12,667,481,400,404,708,498,482
2025-07-16 13:09:13,899,156,227,173,658,828,918
2025-07-16 13:09:14,534,757,589,860,892,240,286
2025-07-16 13:09:15,752,432,353,639,519,452,277
2025-07-16 13:09:16,804,149,908,326,308,744,937
2025-07-16 13:09:17,950,475,523,620,804,479,172
2025-07-16 13:09:18,878,170,672,141,249,954,869
2025-07-16 13:09:19,275,165,55,804,520,847,126
2025-07-16 13:09:20,816,51,573,201,346,430,128
2025-07-16 13:09:21,79,404,252,957,913,461,843
2025-07-16 13:09:22,379,108,248,901,214,312,492
2025-07-16 13:09:23,4,583,477,967,515,244,140
2025-07-16 13:09:24,786,349,642,208,344,194,60
2025-07-16 13:09:25,231,109,927,901,959,274,675
2025-07-16 13:09:26,238,359,756,491,462,108,733
2025-07-16 13:09:27,563,906,38,407,868,234,165
2025-07-16 13:09:28,925,2,41,363,336,18,252
2025-07-16 13:09:29,175,762,781,209,374,18,514
2025-07-16 13:09:30,637,39,312,254,513,242,536
2025-07-16 13:09:31,533,249,325,237,482,157,372
2025-07-16 13:09:32,127,721,806,985,84,201,453
2025-07-16 13:09:33,884,205,146,790,482,706,23
2025-07-16 13:09:34,100,544,195,908,263,827,914
2025-07-16 13:09:35,253,525,967,629,706,912,495
2025-07-16 13:09:36,131,751,604,910,295,439,354
2025-07-16 13:09:37,711,296,471,624,199,665,485
2025-07-16 13:09:38,891,814,52,531,501,58,23
2025-07-16 13:09:39,542,701,515,78,18,372,508
2025-07-16 13:09:40,182,18,654,671,584,851,186
2025-07-16 13:09:41,892,785,817,287,584,658,422
2025-07-16 13:09:42,485,758,245,749,66,764,855
2025-07-16 13:09:43,79,574,55,674,469,205,562
2025-07-16 13:09:44,558,735,618,784,571,21,329
2025-07-16 13:09:45,595,231,729,305,554,735,378
2025-07-16 13:09:46,656,422,184,642,369,744,179
2025-07-16 13:09:47,301,115,493,257,1,800,771
2025-07-16 13:09:48,273,526,532,749,395,43,455
2025-07-16 13:09:49,449,716,622,818,3,412,233
2025-07-16 13:09:50,370,979,743,514,717,648,798
2025-07-16 13:09:51,415,768,715,285,741,791,644
2025-07-16 13:09:52,392,833,982,548,566,785,346
2025-07-16 13:09:53,283,24,793,373,521,15,447
2025-07-16 13:09:54,181,965,690,746,91,995,268
2025-07-16 13:09:55,662,619,626,417,276,328,916
2025-07-16 13:09:56,836,390,507,821,562,399,131
2025-07-16 13:09:57,886,535,155,526,108,80,709
2025-07-16 13:09:58,619,555,291,84,44,954,470
2025-07-16 13:09:59,849,936,606,593,574,169,268
2025-07-16 13:10:00,587,47,106,88,67,227,108
2025-07-16 13:10:01,107,91,535,527,818,170,558
2025-07-16 13:10:02,450,187,989,172,563,895,725
2025-07-16 13:10:03,7,711,794,98,0,91,776
2025-07-16 13:10:04,13,167,55,894,852,235,3
2025-07-16 13:10:05,882,692,785,887,296,862,393
2025-07-16 13:10:06,913,921,563,487,734,960,661
2025-07-16 13:10:07,488,798,341,496,209,465,643
2025-07-16 13:10:08,169,769,117,785,717,987,288
2025-07-16 13:10:09,811,862,553,350,484,802,476
2025-07-16 13:10:10,572,903,341,946,861,649,523
2025-07-16 13:10:11,642,484,928,799,398,404,790
2025-07-16 13:10:12,447,814,118,967,556,357,113
2025-07-16 13:10:13,555,553,55,120,43,571,865
2025-07-16 13:10:14,373,683,674,90,152,985,323
2025-07-16 13:10:15,238,192,413,871,850,707,942
2025-07-16 13:10:16,378,840,469,311,106,475,333
2025-07-16 13:10:17,888,639,736,557,124,822,39
2025-07-16 13:10:18,755,55,449,443,427,0,734
2025-07-16 13:10:19,24,593,474,690,549,901,532
2025-07-16 13:10:20,32,624,309,38,568,206,885
2025-07-16 13:10:21,599,438,324,513,561,212,590
2025-07-16 13:10:22,485,274,911,242,354,502,943
2025-07-16 13:10:23,157,754,794,936,904,293,211
2025-07-16 13:10:24,370,127,657,248,46,974,778
2025-07-16 13:10:25,118,576,805,138,967,584,170
2025-07-16 13:10:26,476,23,603,588,762,618,262
2025-07-16 13:10:27,872,421,257,63,180,969,888
2025-07-16 13:10:28,733,564,929,577,643,644,408
2025-07-16 13:10:29,851,862,576,740,639,710,3
2025-07-16 13:10:30,477,658,347,983,172,761,326
2025-07-16 13:10:31,421,849,10,3,489,315,783
2025-07-16 13:10:32,761,291,970,80,665,754,50
2025-07-16 13:10:33,464,392,67,225,680,603,748
2025-07-16 13:10:34,395,131,893,703,163,279,358
2025-07-16 13:10:35,127,151,635,448,934,487,644
2025-07-16 13:10:36,569,784,64,135,395,301,972
2025-07-16 13:10:37,796,851,448,456,734,815,973
2025-07-16 13:10:38,57,741,801,256,999,256,729
2025-07-16 13:10:39,494,568,653,755,719,935,634
2025-07-16 13:10:40,362,912,419,270,959,496,521
2025-07-16 13:10:41,723,811,426,707,812,996,220
2025-07-16 13:10:42,359,6,24,661,681,206,778
2025-07-16 13:10:43,688,288,84,819,678,742,32
2025-07-16 13:10:44,424,753,488,821,155,814,897
2025-07-16 13:10:45,596,652,315,668,254,946,887
2025-07-16 13:10:46,853,720,584,265,465,772,519
2025-07-16 13:10:47,117,433,574,690,670,225,26
2025-07-16 13:10:48,765,466,67,6,207,989,582
2025-07-16 13:10:49,982,120,446,801,141,969,923
2025-07-16 13:10:50,58,614,919,800,51,991,9
2025-07-16 13:10:51,966,818,848,442,275,71,848
2025-07-16 13:10:52,141,702,453,575,228,316,667
2025-07-16 13:10:53,772,128,416,754,375,870,26
2025-07-16 13:10:54,776,521,411,259,201,360,418
2025-07-16 13:10:55,183,427,647,641,99,945,71
2025-07-16 13:10:56,329,520,29,826,59,406,169
2025-07-16 13:10:57,664,234,510,101,567,519,167
2025-07-16 13:10:58,340,141,505,559,605,331,725
2025-07-16 13:10:59,854,472,426,358,655,231,486
2025-07-16 13:11:00,798,871,413,88,558,503,797
2025-07-16 13:11:01,605,694,929,522,274,346,398
2025-07-16 13:11:02,139,532,434,662,8,558,280
2025-07-16 13:11:03,402,550,35,364,410,849,240
2025-07-16 13:11:04,682,888,375,448,396,387,719
2025-07-16 13:11:05,186,366,113,173,987,381,778
2025-07-16 13:11:06,629,83,502,861,92,982,98
2025-07-16 13:11:07,541,728,478,873,291,724,101
2025-07-16 13:11:08,244,34,922,935,773,712,583
2025-07-16 13:11:09,413,512,138,591,509,600,36
2025-07-16 13:11:10,156,671,11,43,864,516,398
2025-07-16 13:11:11,756,185,349,770,331,186,371
2025-07-16 13:11:12,375,316,486,132,435,20,897
2025-07-16 13:11:13,383,834,364,691,842,466,158
2025-07-16 13:11:14,551,477,882,447,262,213,394
2025-07-16 13:11:15,36,640,166,323,528,628,506
2025-07-16 13:11:16,791,452,568,511,242,325,744
2025-07-16 13:11:17,760,319,354,679,873,370,282
2025-07-16 13:11:18,380,225,130,35,836,215,583
2025-07-16 13:11:19,158,756,500,915,887,64,246
2025-07-16 13:11:20,475,955,888,848,427,843,483
2025-07-16 13:11:21,728,649,803,31,926,381,924
2025-07-16 13:11:22,607,534,710,71,830,44,726
2025-07-16 13:11:23,837,162,115,156,495,503,910
2025-07-16 13:11:24,28,386,51,601,635,724,14
2025-07-16 13:11:25,582,271,757,167,536,455,760
2025-07-16 13:11:26,25,888,73,118,709,878,864
2025-07-16 13:11:27,607,196,616,87,24,677,735
2025-07-16 13:11:28,584,788,517,893,331,416,755
2025-07-16 13:11:29,175,374,698,189,581,444,99
2025-07-16 13:11:30,383,204,16,728,242,306,89
2025-07-16 13:11:31,343,883,857,315,149,896,121
2025-07-16 13:11:32,625,327,326,973,534,781,750
2025-07-16 13:11:33,414,391,172,466,591,875,491
2025-07-16 13:11:34,339,37,542,349,498,43,260
2025-07-16 13:11:35,238,542,696,230,248,173,141
2025-07-16 13:11:36,223,90,177,59,911,849,227
2025-07-16 13:11:37,539,793,339,151,313,292,367
2025-07-16 13:11:38,404,282,500,472,328,435,100
2025-07-16 13:11:39,603,863,336,527,706,903,792
2025-07-16 13:11:40,714,349,349,924,169,206,166
2025-07-16 13:11:41,436,52,15,115,232,706,534
2025-07-16 13:11:42,23,753,821,346,56,428,396
2025-07-16 13:11:43,80,683,915,963,128,151,642
2025-07-16 13:11:44,392,791,23,87,603,697,23
2025-07-16 13:11:45,499,389,434,495,918,438,733
2025-07-16 13:11:46,144,546,202,855,494,512,51
2025-07-16 13:11:47,912,426,948,29,628,209,798
2025-07-16 13:11:48,19,187,769,17,762,10,326
2025-07-16 13:11:49,18,359,938,933,899,734,609
2025-07-16 13:11:50,537,285,147,18,170,54,773
2025-07-16 13:11:51,52,85,30,365,766,380,351
2025-07-16 13:11:52,278,333,126,429,239,651,601
2025-07-16 13:11:53,412,158,76,390,858,656,626
2025-07-16 13:11:54,372,55,727,775,357,910,101
2025-07-16 13:11:55,191,501,169,953,195,520,847
2025-07-16 13:11:56,443,755,773,909,257,760,204
2025-07-16 13:11:57,694,42,562,74,800,876,929
2025-07-16 13:11:58,568,660,413,991,361,173,545
2025-07-16 13:11:59,815,408,508,804,311,672,668
2025-07-16 13:12:00,49,462,652,273,31,874,632
2025-07-16 13:12:01,908,763,139,248,716,654,361
2025-07-16 13:12:02,792,319,146,718,778,89,421
2025-07-16 13:12:03,885,158,209,845,233,633,922
2025-07-16 13:12:04,741,124,491,369,977,542,320
2025-07-16 13:12:05,205,908,791,136,428,941,654
2025-07-16 13:12:06,150,258,860,425,352,916,291
2025-07-16 13:12:07,335,403,514,930,152,644,955
2025-07-16 13:12:08,909,809,359,721,358,789,950
2025-07-16 13:12:09,708,796,933,854,271,401,66
2025-07-16 13:12:10,388,885,281,286,641,943,733
2025-07-16 13:12:11,724,184,628,48,625,970,351
2025-07-16 13:12:12,316,857,0,121,823,289,122
2025-07-16 13:12:13,837,758,131,657,747,650,362
2025-07-16 13:12:14,484,217,386,620,41,72,473
2025-07-16 13:12:15,824,423,805,472,667,982,414
2025-07-16 13:12:16,937,758,192,649,286,488,822
2025-07-16 13:12:17,170,964,184,687,267,112,106
2025-07-16 13:12:18,414,295,66,996,519,981,640
2025-07-16 13:12:19,334,194,952,18,60,787,871
2025-07-16 13:12:20,209,0,770,946,786,931,12
2025-07-16 13:12:21,405,988,647,950,817,141,943
2025-07-16 13:12:22,548,935,644,36,624,101,421
2025-07-16 13:12:23,65,59,786,509,948,3,446
2025-07-16 13:12:24,510,164,172,409,716,833,76
2025-07-16 13:12:25,364,750,525,566,479,150,28
2025-07-16 13:12:26,858,916,444,277,916,645,974
2025-07-16 13:12:27,163,214,667,164,173,198,282
2025-07-16 13:12:28,724,46,837,702,548,582,296
2025-07-16 13:12:29,259,475,929,591,462,451,970
2025-07-16 13:12:30,880,242,572,440,827,112,548
2025-07-16 13:12:31,541,537,365,424,988,606,668
2025-07-16 13:12:32,944,194,114,573,554,160,740
2025-07-16 13:12:33,222,331,741,112,40,591,793
2025-07-16 13:12:34,82,676,691,754,965,780,610
2025-07-16 13:12:35,927,242,297,581,343,186,315
2025-07-16 13:12:36,284,531,375,444,992,594,213
2025-07-16 13:12:37,101,152,537,479,790,251,931
2025-07-16 13:12:38,967,259,111,542,817,340,563
2025-07-16 13:12:39,101,142,168,175,318,554,212
2025-07-16 13:12:40,57,849,777,901,888,744,338
2025-07-16 13:12:41,633,415,617,106,55,755,828
2025-07-16 13:12:42,787,454,38,241,918,78,453
2025-07-16 13:12:43,894,635,50,70,357,711,813
2025-07-16 13:12:44,48,109,637,961,294,208,948
2025-07-16 13:12:45,579,585,275,108,336,90,171
2025-07-16 13:12:46,821,811,921,967,547,267,670
2025-07-16 13:12:47,537,132,523,796,390,648,569
2025-07-16 13:12:48,757,789,724,784,948,55,516
2025-07-16 13:12:49,749,597,758,190,111,716,857
2025-07-16 13:12:50,867,381,502,352,579,797,440
2025-07-16 13:12:51,753,525,460,128,660,79,360
2025-07-16 13:12:52,267,822,235,460,408,430,398
2025-07-16 13:12:53,497,984,695,34,132,455,326
2025-07-16 13:12:54,676,151,47,8,767,809,209
2025-07-16 13:12:55,841,389,734,663,739,385,228
2025-07-16 13:12:56,817,272,743,701,531,485,831
2025-07-16 13:12:57,552,318,171,999,391,785,141
2025-07-16 13:12:58,730,58,661,927,323,401,416
2025-07-16 13:12:59,487,863,951,384,118,895,371
2025-07-16 13:13:00,889,832,610,355,314,309,664
2025-07-16 13:13:01,220,528,127,302,307,854,450
2025-07-16 13:13:02,312,430,487,920,658,476,758
2025-07-16 13:13:03,306,526,32,284,645,583,558
2025-07-16 13:13:04,268,711,997,965,946,836,499
2025-07-16 13:13:05,678,806,456,923,932,72,929
2025-07-16 13:13:06,548,310,286,551,622,605,563
2025-07-16 13:13:07,88,725,195,338,629,751,671
2025-07-16 13:13:08,194,303,235,638,327,268,752
2025-07-16 13:13:09,830,222,382,685,754,297,619
2025-07-16 13:13:10,572,747,202,687,623,628,615
2025-07-16 13:13:11,707,57,263,492,383,978,575
2025-07-16 13:13:12,82,531,325,840,236,818,188
2025-07-16 13:13:13,705,325,929,585,119,549,983
2025-07-16 13:13:14,292,453,451,594,961,773,736
2025-07-16 13:13:15,348,534,323,755,115,339,602
2025-07-16 13:13:16,152,596,719,692,56,243,183
2025-07-16 13:13:17,962,779,262,209,356,120,913
2025-07-16 13:13:18,456,175,103,375,540,169,655
2025-07-16 13:13:19,421,157,40,955,933,494,307
2025-07-16 13:13:20,557,202,388,639,637,258,524
2025-07-16 13:13:21,384,290,357,637,293,627,149
2025-07-16 13:13:22,576,320,818,602,591,994,955
2025-07-16 13:13:23,358,329,977,302,821,176,92
2025-07-16 13:13:24,928,348,798,770,802,907,323
2025-07-16 13:13:25,625,775,385,898,682,147,551
2025-07-16 13:13:26,496,972,116,40,652,727,389
2025-07-16 13:13:27,53,474,266,641,628,389,653
2025-07-16 13:13:28,670,978,887,321,469,830,135
2025-07-16 13:13:29,417,747,169,20,813,792,861
2025-07-16 13:13:30,559,360,865,844,662,246,788
2025-07-16 13:13:31,408,0,10,479,298,452,749
2025-07-16 13:13:32,105,373,401,10,101,818,778
2025-07-16 13:13:33,267,481,350,104,726,55,335
2025-07-16 13:13:34,269,139,9,983,139,946,350
2025-07-16 13:13:35,90,602,622,192,643,529,703
2025-07-16 13:13:36,629,63,438,969,41,635,222
2025-07-16 13:13:37,502,250,820,337,204,629,748
2025-07-16 13:13:38,79,873,967,904,257,246,497
2025-07-16 13:13:39,868,454,912,558,671,252,363
2025-07-16 13:13:40,311,833,367,388,488,854,662
2025-07-16 13:13:41,768,750,493,118,126,949,818
2025-07-16 13:13:42,46,614,247,566,445,247,446
2025-07-16 13:13:43,646,31,893,419,213,785,87
2025-07-16 13:13:44,927,224,133,546,414,620,27
2025-07-16 13:13:45,393,470,933,893,624,981,115
2025-07-16 13:13:46,334,804,700,402,21,502,236
2025-07-16 13:13:47,381,534,78,878,349,103,841
2025-07-16 13:13:48,567,564,558,531,432,232,306
2025-07-16 13:13:49,930,76,110,129,866,716,231
2025-07-16 13:13:50,672,884,423,915,527,850,145
2025-07-16 13:13:51,997,714,453,193,823,94,25
2025-07-16 13:13:52,62,972,427,933,520,311,286
2025-07-16 13:13:53,408,424,454,249,767,274,760
2025-07-16 13:13:54,129,545,20,306,167,603,135
2025-07-16 13:13:55,318,530,770,519,462,161,139
2025-07-16 13:13:56,954,685,838,683,980,465,861
2025-07-16 13:13:57,895,408,369,82,823,453,17
2025-07-16 13:13:58,416,277,484,485,510,204,808
2025-07-16 13:13:59,409,893,339,535,448,799,567
2025-07-16 13:14:00,0,428,384,727,698,225,827
2025-07-16 13:14:01,984,190,458,725,436,968,828
2025-07-16 13:14:02,256,249,907,349,991,413,506
2025-07-16 13:14:03,729,395,773,520,803,681,916
2025-07-16 13:14:04,923,162,364,365,639,696,243
2025-07-16 13:14:05,139,508,827,886,645,471,351
2025-07-16 13:14:06,194,170,21,775,364,689,396
2025-07-16 13:14:07,41,291,730,280,27,988,755
2025-07-16 13:14:08,336,79,997,245,946,19,355
2025-07-16 13:14:09,762,896,683,450,273,337,746
2025-07-16 13:14:10,71,203,520,207,976,29,648
2025-07-16 13:14:11,735,900,938,769,450,601,102
2025-07-16 13:14:12,845,136,814,674,37,3,866
2025-07-16 13:14:13,483,728,706,848,87,973,748
2025-07-16 13:14:14,471,587,647,876,252,460,741
2025-07-16 13:14:15,405,184,180,669,634,678,720
2025-07-16 13:14:16,597,477,420,84,687,546,258
2025-07-16 13:14:17,336,170,403,252,990,63,762
2025-07-16 13:14:18,606,230,304,779,839,480,670
2025-07-16 13:14:19,199,369,239,737,648,841,65
2025-07-16 13:14:20,832,617,998,467,588,213,328
2025-07-16 13:14:21,311,279,975,491,160,961,236
2025-07-16 13:14:22,349,718,939,188,550,520,692
2025-07-16 13:14:23,581,45,424,818,725,187,789
2025-07-16 13:14:24,817,546,652,135,661,893,867
2025-07-16 13:14:25,952,349,120,950,79,863,225
2025-07-16 13:14:26,20,558,738,842,24,780,371
2025-07-16 13:14:27,235,93,648,75,136,437,516
2025-07-16 13:14:28,354,950,121,125,261,429,173
2025-07-16 13:14:29,571,117,933,682,954,333,462
2025-07-16 13:14:30,178,373,78,51,228,917,445
2025-07-16 13:14:31,975,389,816,369,268,480,17
2025-07-16 13:14:32,544,659,565,118,958,239,894
2025-07-16 13:14:33,785,457,389,867,101,62,795
2025-07-16 13:14:34,179,345,849,251,684,946,497
2025-07-16 13:14:35,785,339,41,218,552,235,13
2025-07-16 13:14:36,885,125,131,782,345,25,807
2025-07-16 13:14:37,962,137,772,642,358,131,586
2025-07-16 13:14:38,739,584,672,954,266,957,619
2025-07-16 13:14:39,845,835,179,468,638,242,737
2025-07-16 13:14:40,165,735,970,348,557,681,656
2025-07-16 13:14:41,928,58,20,629,992,222,416
2025-07-16 13:14:42,637,73,936,411,143,969,304
2025-07-16 13:14:43,573,753,148,923,111,206,489
2025-07-16 13:14:44,661,757,257,277,864,381,617
2025-07-16 13:14:45,106,565,559,490,459,467,533
2025-07-16 13:14:46,933,334,973,551,194,95,136
2025-07-16 13:14:47,730,211,191,964,846,89,613
2025-07-16 13:14:48,19,881,137,536,805,90,789
2025-07-16 13:14:49,681,103,497,616,720,440,138
2025-07-16 13:14:50,656,19,805,286,644,972,162
2025-07-16 13:14:51,391,445,271,600,446,411,791
2025-07-16 13:14:52,282,900,574,427,619,849,220
2025-07-16 13:14:53,490,206,814,82,600,204,840
2025-07-16 13:14:54,805,854,800,594,192,385,999
2025-07-16 13:14:55,287,426,801,710,398,651,379
2025-07-16 13:14:56,155,988,457,428,967,910,693
2025-07-16 13:14:57,128,36,470,972,930,694,521
2025-07-16 13:14:58,63,728,656,537,984,793,939
2025-07-16 13:14:59,109,607,514,857,296,486,940
2025-07-16 13:15:00,657,176,402,817,942,313,560
2025-07-16 13:15:01,166,886,669,838,894,765,767
2025-07-16 13:15:02,677,886,667,84,719,282,450
2025-07-16 13:15:03,549,96,162,670,857,482,51
2025-07-16 13:15:04,113,45,430,38,578,498,209
2025-07-16 13:15:05,613,595,687,279,152,212,159
2025-07-16 13:15:06,596,60,359,727,805,1,913
2025-07-16 13:15:07,439,68,189,81,807,776,784
2025-07-16 13:15:08,48,226,435,711,808,703,758
2025-07-16 13:15:09,829,597,145,555,763,308,91
2025-07-16 13:15:10,721,187,180,648,156,983,911
2025-07-16 13:15:11,159,614,43,41,661,149,394
2025-07-16 13:15:12,479,718,582,527,607,716,933
2025-07-16 13:15:13,826,21,712,741,219,70,969
2025-07-16 13:15:14,240,897,903,681,202,877,211
2025-07-16 13:15:15,295,211,291,553,698,446,127
2025-07-16 13:15:16,267,237,281,630,180,63,992
2025-07-16 13:15:17,872,346,620,169,984,406,638
2025-07-16 13:15:18,733,673,381,700,441,60,383
2025-07-16 13:15:19,450,21,322,598,706,932,693
2025-07-16 13:15:20,638,870,302,148,928,238,540
2025-07-16 13:15:21,812,453,280,588,351,169,113
2025-07-16 13:15:22,657,710,691,445,703,712,655
2025-07-16 13:15:23,884,378,143,420,335,12,282
2025-07-16 13:15:24,350,400,180,857,510,861,927
2025-07-16 13:15:25,62,982,644,58,163,489,856
2025-07-16 13:15:26,177,849,607,711,70,855,495
2025-07-16 13:15:27,449,727,439,490,345,527,692
2025-07-16 13:15:28,641,918,820,697,673,843,272
2025-07-16 13:15:29,906,844,815,870,424,353,777
2025-07-16 13:15:30,473,510,461,132,639,463,16
2025-07-16 13:15:31,315,570,429,740,707,467,923
2025-07-16 13:15:32,718,768,657,630,787,661,113
2025-07-16 13:15:33,361,928,742,662,86,62,257
2025-07-16 13:15:34,972,671,749,263,543,789,656
2025-07-16 13:15:35,169,841,51,291,77,449,219
2025-07-16 13:15:36,719,945,701,466,615,21,974
2025-07-16 13:15:37,524,957,520,915,823,663,269
2025-07-16 13:15:38,1,99,564,993,870,761,575
2025-07-16 13:15:39,731,730,580,338,262,759,881
2025-07-16 13:15:40,443,161,592,327,981,799,877
2025-07-16 13:15:41,40,339,712,852,625,361,413
2025-07-16 13:15:42,954,594,137,119,32,978,755
2025-07-16 13:15:43,609,337,652,435,898,154,823
2025-07-16 13:15:44,288,274,728,808,784,703,832
2025-07-16 13:15:45,557,754,473,934,754,965,254
2025-07-16 13:15:46,86,97,821,665,334,714,153
2025-07-16 13:15:47,855,86,989,816,64,824,706
2025-07-16 13:15:48,426,128,642,957,705,667,467
2025-07-16 13:15:49,145,184,413,718,701,357,434
2025-07-16 13:15:50,453,958,529,312,508,888,374
2025-07-16 13:15:51,885,849,593,368,302,599,463
2025-07-16 13:15:52,572,422,907,981,480,454,786
2025-07-16 13:15:53,301,768,115,708,497,560,93
2025-07-16 13:15:54,794,471,950,723,114,499,723
2025-07-16 13:15:55,801,167,291,771,476,354,354
2025-07-16 13:15:56,809,623,807,63,697,464,464
2025-07-16 13:15:57,944,47,283,316,546,501,836
2025-07-16 13:15:58,127,547,87,726,301,498,745
2025-07-16 13:15:59,934,821,556,182,657,268,735
2025-07-16 13:16:00,271,443,425,457,32,546,71
2025-07-16 13:16:01,91,807,457,848,112,69,639
2025-07-16 13:16:02,219,392,487,791,833,53,701
2025-07-16 13:16:03,217,6,664,377,130,339,4
2025-07-16 13:16:04,69,339,374,529,128,996,678
2025-07-16 13:16:05,303,483,928,781,338,90,278
2025-07-16 13:16:06,753,727,679,648,810,949,577
2025-07-16 13:16:07,493,554,88,634,965,636,273
2025-07-16 13:16:08,768,260,259,283,120,390,605
2025-07-16 13:16:09,743,733,232,432,423,858,669
2025-07-16 13:16:10,440,346,620,714,614,340,419
2025-07-16 13:16:11,995,849,103,138,805,924,945
2025-07-16 13:16:12,798,640,105,677,708,178,315
2025-07-16 13:16:13,959,39,663,618,92,135,138
2025-07-16 13:16:14,584,992,901,580,691,657,52
2025-07-16 13:16:15,513,236,508,827,926,852,661
2025-07-16 13:16:16,318,765,372,709,176,855,919
2025-07-16 13:16:17,775,598,954,485,484,557,412
2025-07-16 13:16:18,298,994,745,842,37,101,324
2025-07-16 13:16:19,162,341,958,701,943,223,190
2025-07-16 13:16:20,145,151,420,819,835,826,452
2025-07-16 13:16:21,276,179,127,470,539,217,332
2025-07-16 13:16:22,637,578,8,949,416,738,782
2025-07-16 13:16:23,180,372,316,292,161,757,558
2025-07-16 13:16:24,659,440,453,130,726,46,314
2025-07-16 13:16:25,208,958,444,352,527,372,964
2025-07-16 13:16:26,33,888,86,77,195,727,411
2025-07-16 13:16:27,924,753,667,842,863,541,613
2025-07-16 13:16:28,694,576,335,460,195,404,700
2025-07-16 13:16:29,869,170,460,294,97,987,166
2025-07-16 13:16:30,26,312,416,864,461,305,779
2025-07-16 13:16:31,725,837,974,635,272,792,831
2025-07-16 13:16:32,812,605,584,261,629,998,769
2025-07-16 13:16:33,297,248,648,487,750,450,71
2025-07-16 13:16:34,962,269,168,307,192,931,79
2025-07-16 13:16:35,899,58,576,338,65,989,724
2025-07-16 13:16:36,44,147,95,731,487,480,568
2025-07-16 13:16:37,649,783,241,679,637,338,106
2025-07-16 13:16:38,300,971,496,250,200,812,17
2025-07-16 13:16:39,51,714,928,274,758,897,534
2025-07-16 13:16:40,498,698,163,578,686,541,880
2025-07-16 13:16:41,399,411,964,849,395,527,879
2025-07-16 13:16:42,455,191,564,920,226,263,206
2025-07-16 13:16:43,578,752,616,793,458,377,960
2025-07-16 13:16:44,624,836,730,82,979,999,18
2025-07-16 13:16:45,516,196,504,113,531,115,751
2025-07-16 13:16:46,609,259,53,330,695,800,819
2025-07-16 13:16:47,513,263,106,843,690,254,39
2025-07-16 13:16:48,237,17,912,206,606,61,142
2025-07-16 13:16:49,582,591,608,225,0,736,821
2025-07-16 13:16:50,593,183,335,275,988,475,889
2025-07-16 13:16:51,250,629,61,668,896,483,791
2025-07-16 13:16:52,458,251,345,403,526,811,846
2025-07-16 13:16:53,764,490,650,406,433,855,620
2025-07-16 13:16:54,400,732,117,837,366,394,922
2025-07-16 13:16:55,665,370,871,138,729,826,785
2025-07-16 13:16:56,806,606,22,688,291,467,621
2025-07-16 13:16:57,158,25,19,298,794,936,487
2025-07-16 13:16:58,556,857,487,31,237,33,556
2025-07-16 13:16:59,648,156,715,474,115,853,769
2025-07-16 13:17:00,924,813,647,768,697,717,815
2025-07-16 13:17:01,724,134,860,508,644,808,760
2025-07-16 13:17:02,311,369,967,875,228,392,55
2025-07-16 13:17:03,170,489,804,540,474,546,773
2025-07-16 13:17:04,92,374,444,463,347,165,389
2025-07-16 13:17:05,725,471,257,354,219,969,7
2025-07-16 13:17:06,868,933,526,275,231,909,761
2025-07-16 13:17:07,268,923,151,777,689,35,653
2025-07-16 13:17:08,223,255,952,394,441,533,757
2025-07-16 13:17:09,639,571,799,493,448,452,466
2025-07-16 13:17:10,754,596,987,181,283,521,448
2025-07-16 13:17:11,900,542,692,720,683,892,181
2025-07-16 13:17:12,682,490,775,466,548,405,368
2025-07-16 13:17:13,952,90,149,886,455,391,865
2025-07-16 13:17:14,644,429,863,48,884,29,481
2025-07-16 13:17:15,202,986,566,894,351,511,127
2025-07-16 13:17:16,745,845,369,763,384,601,531
2025-07-16 13:17:17,964,834,600,3,67,180,706
2025-07-16 13:17:18,783,357,832,972,663,306,373
2025-07-16 13:17:19,334,815,360,379,746,619,951
2025-07-16 13:17:20,105,947,373,512,935,532,773
2025-07-16 13:17:21,955,400,328,420,820,316,962
2025-07-16 13:17:22,209,201,584,570,307,56,148
2025-07-16 13:17:23,952,438,112,208,907,599,484
2025-07-16 13:17:24,536,197,112,202,542,773,513
2025-07-16 13:17:25,819,796,339,483,994,331,741
2025-07-16 13:17:26,413,910,566,812,178,338,594
2025-07-16 13:17:27,663,604,738,668,289,532,100
2025-07-16 13:17:28,177,377,792,984,261,568,47
2025-07-16 13:17:29,702,670,390,320,299,195,220
2025-07-16 13:17:30,460,8,125,169,519,432,627
2025-07-16 13:17:31,172,366,239,844,552,596,569
2025-07-16 13:17:32,591,681,548,694,247,606,973
2025-07-16 13:17:33,669,370,47,101,886,539,668
2025-07-16 13:17:34,204,852,807,567,202,972,711
2025-07-16 13:17:35,285,878,991,754,633,497,296
2025-07-16 13:17:36,923,91,162,222,947,908,153
2025-07-16 13:17:37,510,377,657,83,312,405,844
2025-07-16 13:17:38,939,858,502,366,543,353,570
2025-07-16 13:17:39,145,693,914,117,349,678,932
2025-07-16 13:17:40,150,449,869,840,493,879,767
2025-07-16 13:17:41,623,830,580,426,971,282,743
2025-07-16 13:17:42,43,315,943,715,538,26,262
2025-07-16 13:17:43,344,910,248,935,389,296,881
2025-07-16 13:17:44,16,547,795,395,147,762,183
2025-07-16 13:17:45,277,693,191,645,34,462,880
2025-07-16 13:17:46,638,486,286,961,712,677,897
2025-07-16 13:17:47,232,136,155,850,967,481,7
2025-07-16 13:17:48,893,938,50,774,801,51,510
2025-07-16 13:17:49,615,907,641,980,941,337,419
2025-07-16 13:17:50,330,138,452,450,217,140,529
2025-07-16 13:17:51,485,507,799,804,296,619,702
2025-07-16 13:17:52,243,763,403,571,670,182,594
2025-07-16 13:17:53,668,411,700,301,46,825,599
2025-07-16 13:17:54,552,973,240,211,414,929,976
2025-07-16 13:17:55,507,210,670,338,967,749,950
2025-07-16 13:17:56,173,276,93,61,486,843,763
2025-07-16 13:17:57,478,948,915,56,338,699,232
2025-07-16 13:17:58,360,332,756,97,912,573,294
2025-07-16 13:17:59,86,90,978,205,977,330,58
2025-07-16 13:18:00,365,613,989,855,39,353,545
2025-07-16 13:18:01,136,459,578,389,976,363,951
2025-07-16 13:18:02,917,989,798,472,382,93,518
2025-07-16 13:18:03,744,304,618,194,374,838,989
2025-07-16 13:18:04,944,238,707,364,240,528,644
2025-07-16 13:18:05,381,440,580,49,337,80,574
2025-07-16 13:18:06,816,837,899,749,188,641,564
2025-07-16 13:18:07,53,767,616,999,737,822,989
2025-07-16 13:18:08,444,326,154,283,992,848,571
2025-07-16 13:18:09,613,457,293,782,714,432,132
2025-07-16 13:18:10,832,426,968,118,982,866,984
2025-07-16 13:18:11,599,600,432,891,2,806,774
2025-07-16 13:18:12,291,660,123,147,717,194,330
2025-07-16 13:18:13,11,214,54,776,798,281,940
2025-07-16 13:18:14,316,225,757,179,984,104,426
2025-07-16 13:18:15,565,126,711,651,428,17,110
2025-07-16 13:18:16,818,78,567,756,589,398,953
2025-07-16 13:18:17,604,944,63,566,727,572,323
2025-07-16 13:18:18,553,988,848,574,957,572,317
2025-07-16 13:18:19,723,975,640,106,614,186,242
2025-07-16 13:18:20,337,548,979,706,847,523,325
2025-07-16 13:18:21,350,743,778,769,712,586,141
2025-07-16 13:18:22,822,216,200,162,772,225,890
2025-07-16 13:18:23,616,598,599,951,589,383,632
2025-07-16 13:18:24,916,174,61,540,249,351,212
2025-07-16 13:18:25,481,629,473,395,262,40,211
2025-07-16 13:18:26,65,465,970,976,803,616,397
2025-07-16 13:18:27,765,585,22,836,93,570,102
2025-07-16 13:18:28,320,361,742,301,108,954,465
2025-07-16 13:18:29,830,603,940,278,45,843,562
2025-07-16 13:18:30,148,203,6,438,111,123,517
2025-07-16 13:18:31,327,928,698,159,135,878,453
2025-07-16 13:18:32,260,453,348,576,120,713,994
2025-07-16 13:18:33,312,224,188,42,858,910,814
2025-07-16 13:18:34,66,854,425,565,314,425,692
2025-07-16 13:18:35,850,965,80,199,89,552,37
2025-07-16 13:18:36,44,679,596,400,258,374,730
2025-07-16 13:18:37,494,369,5,136,97,618,129
2025-07-16 13:18:38,789,762,293,969,28,47,418
2025-07-16 13:18:39,17,716,699,7,717,233,93
2025-07-16 13:18:40,45,305,839,46,55,569,435
2025-07-16 13:18:41,92,892,327,142,838,214,203
2025-07-16 13:18:42,168,57,342,792,557,316,59
2025-07-16 13:18:43,688,506,806,265,326,94,592
2025-07-16 13:18:44,648,842,580,457,231,168,266
2025-07-16 13:18:45,285,947,415,935,17,273,952
2025-07-16 13:18:46,373,467,837,680,289,730,907
2025-07-16 13:18:47,852,236,53,86,41,746,943
2025-07-16 13:18:48,310,190,674,712,696,78,506
2025-07-16 13:18:49,614,656,874,846,444,520,562
2025-07-16 13:18:50,119,759,732,695,880,462,681
2025-07-16 13:18:51,578,271,421,29,808,185,845
2025-07-16 13:18:52,345,253,812,100,390,811,194
2025-07-16 13:18:53,305,186,383,812,498,730,546
2025-07-16 13:18:54,384,94,808,911,845,134,690
2025-07-16 13:18:55,874,168,137,946,615,826,575
2025-07-16 13:18:56,927,431,148,93,938,953,269
2025-07-16 13:18:57,859,319,750,90,153,142,163
2025-07-16 13:18:58,581,387,187,606,436,302,249
2025-07-16 13:18:59,287,3,588,360,860,123,400
2025-07-16 13:19:00,574,570,97,46,420,602,331
2025-07-16 13:19:01,819,810,18,667,67,856,119
2025-07-16 13:19:02,756,884,532,654,905,818,272
2025-07-16 13:19:03,809,586,2,148,778,321,157
2025-07-16 13:19:04,648,750,79,537,270,929,974
2025-07-16 13:19:05,389,559,108,359,209,135,701
2025-07-16 13:19:06,321,683,484,429,414,92,94
2025-07-16 13:19:07,630,656,254,912,448,437,463
2025-07-16 13:19:08,852,586,668,63,741,245,295
2025-07-16 13:19:09,532,83,362,430,663,12,293
2025-07-16 13:19:10,794,897,44,118,244,425,44
2025-07-16 13:19:11,69,373,778,975,995,104,261
2025-07-16 13:19:12,963,43,411,620,759,543,340
2025-07-16 13:19:13,228,12,269,325,634,547,49
2025-07-16 13:19:14,834,787,798,543,749,161,991
2025-07-16 13:19:15,192,93,474,500,896,970,562
2025-07-16 13:19:16,378,435,592,599,462,982,351
2025-07-16 13:19:17,854,873,2,174,931,567,269
2025-07-16 13:19:18,987,275,66,997,529,824,432
2025-07-16 13:19:19,722,728,248,127,53,497,801
2025-07-16 13:19:20,5,586,99,807,580,477,937
2025-07-16 13:19:21,545,341,726,655,836,675,316
2025-07-16 13:19:22,881,678,562,500,633,138,271
2025-07-16 13:19:23,513,296,866,692,348,831,151
2025-07-16 13:19:24,463,80,279,848,627,546,452
2025-07-16 13:19:25,841,263,449,665,650,641,245
2025-07-16 13:19:26,586,468,281,246,771,38,338
2025-07-16 13:19:27,259,855,146,549,898,755,824
2025-07-16 13:19:28,849,454,411,726,580,393,252
2025-07-16 13:19:29,432,562,637,261,300,9,408
2025-07-16 13:19:30,87,798,833,500,805,232,534
2025-07-16 13:19:31,93,300,788,235,818,93,686
2025-07-16 13:19:32,676,805,457,829,825,419,161
2025-07-16 13:19:33,642,559,348,204,686,285,167
2025-07-16 13:19:34,408,946,909,68,154,364,541
2025-07-16 13:19:35,530,945,130,291,519,120,962
2025-07-16 13:19:36,419,193,231,645,913,0,258
2025-07-16 13:19:37,626,293,694,354,986,279,614
2025-07-16 13:19:38,333,997,715,652,54,664,161
2025-07-16 13:19:39,621,679,534,117,281,810,96
2025-07-16 13:19:40,404,95,534,346,469,438,534
2025-07-16 13:19:41,186,194,295,496,760,614,827
2025-07-16 13:19:42,216,908,507,184,394,460,45
2025-07-16 13:19:43,565,441,246,587,135,596,446
2025-07-16 13:19:44,208,220,135,803,812,779,669
2025-07-16 13:19:45,420,398,803,849,49,436,595
2025-07-16 13:19:46,136,560,487,14,208,6,179
2025-07-16 13:19:47,439,657,641,283,713,562,19
2025-07-16 13:19:48,590,671,247,888,173,651,217
2025-07-16 13:19:49,324,503,407,484,468,296,837
2025-07-16 13:19:50,362,191,842,103,356,718,903
2025-07-16 13:19:51,567,841,37,671,781,90,851
2025-07-16 13:19:52,970,72,466,940,246,228,195
2025-07-16 13:19:53,234,377,868,780,44,476,122
2025-07-16 13:19:54,909,976,128,84,748,961,563
2025-07-16 13:19:55,888,789,136,492,940,772,143
2025-07-16 13:19:56,827,652,659,855,468,238,777
2025-07-16 13:19:57,292,704,116,740,347,959,292
2025-07-16 13:19:58,923,649,642,681,953,753,75
2025-07-16 13:19:59,428,580,938,860,892,82,619
2025-07-16 13:20:00,374,841,415,155,278,488,899
2025-07-16 13:20:01,678,88,944,594,740,227,640
2025-07-16 13:20:02,609,183,18,511,46,125,141
2025-07-16 13:20:03,935,429,283,862,644,720,833
2025-07-16 13:20:04,478,205,71,525,484,798,844
2025-07-16 13:20:05,958,113,909,302,154,129,483
2025-07-16 13:20:06,206,860,656,643,735,896,518
2025-07-16 13:20:07,250,455,610,898,735,84,518
2025-07-16 13:20:08,663,120,592,619,564,190,51
2025-07-16 13:20:09,497,16,388,979,7,444,95
2025-07-16 13:20:10,178,224,102,346,367,520,419
2025-07-16 13:20:11,680,206,943,574,225,975,785
2025-07-16 13:20:12,354,436,225,417,95,555,411
2025-07-16 13:20:13,391,732,469,480,321,144,351
2025-07-16 13:20:14,475,759,366,725,300,485,848
2025-07-16 13:20:15,575,425,858,43,387,584,713
2025-07-16 13:20:16,915,696,88,452,450,21,742
2025-07-16 13:20:17,66,388,358,244,333,803,973
2025-07-16 13:20:18,709,769,903,218,978,388,17
2025-07-16 13:20:19,184,98,965,219,641,541,88
2025-07-16 13:20:20,304,77,47,977,154,932,792
2025-07-16 13:20:21,53,388,720,471,908,915,6
2025-07-16 13:20:22,126,907,53,25,377,813,818
2025-07-16 13:20:23,714,386,151,370,916,202,876
2025-07-16 13:20:24,177,396,429,671,484,708,607
2025-07-16 13:20:25,681,182,555,20,993,9,864
2025-07-16 13:20:26,369,864,783,452,594,81,545
2025-07-16 13:20:27,630,761,444,957,239,656,582
2025-07-16 13:20:28,252,876,635,999,456,465,664
2025-07-16 13:20:29,239,192,87,559,133,935,997
2025-07-16 13:20:30,238,837,166,158,533,129,48
2025-07-16 13:20:31,586,665,943,223,799,931,180
2025-07-16 13:20:32,639,30,940,313,184,241,227
2025-07-16 13:20:33,503,372,26,974,57,260,504
2025-07-16 13:20:34,84,671,592,566,191,78,727
2025-07-16 13:20:35,941,162,73,202,911,264,135
2025-07-16 13:20:36,126,382,917,220,223,370,83
2025-07-16 13:20:37,731,466,298,105,888,356,716
2025-07-16 13:20:38,504,879,888,254,100,628,625
2025-07-16 13:20:39,645,223,729,179,867,991,610
2025-07-16 13:20:40,518,447,664,580,752,79,0
2025-07-16 13:20:41,842,855,511,729,159,911,616
2025-07-16 13:20:42,6,898,417,17,328,524,122
2025-07-16 13:20:43,118,34,747,114,478,515,20
2025-07-16 13:20:44,531,984,49,542,332,104,342
2025-07-16 13:20:45,316,359,187,355,589,486,256
2025-07-16 13:20:46,427,56,759,394,640,909,259
2025-07-16 13:20:47,291,701,396,415,177,988,594
2025-07-16 13:20:48,958,120,86,203,458,830,272
2025-07-16 13:20:49,477,525,715,986,711,413,629
2025-07-16 13:20:50,135,523,118,586,139,586,585
2025-07-16 13:20:51,942,538,142,437,995,657,787
2025-07-16 13:20:52,310,523,570,355,941,71,927
2025-07-16 13:20:53,581,499,532,219,874,895,693
2025-07-16 13:20:54,105,143,224,21,931,224,62
2025-07-16 13:20:55,891,234,724,507,558,564,377
2025-07-16 13:20:56,455,924,154,302,714,576,581
2025-07-16 13:20:57,900,311,509,374,476,538,470
2025-07-16 13:20:58,762,109,392,916,257,751,929
2025-07-16 13:20:59,640,493,614,376,478,323,243
2025-07-16 13:21:00,773,321,501,220,202,259,618
2025-07-16 13:21:01,527,216,280,9,560,935,432
2025-07-16 13:21:02,236,512,899,486,171,615,696
2025-07-16 13:21:03,667,761,634,647,263,31,237
2025-07-16 13:21:04,849,419,276,486,67,220,873
2025-07-16 13:21:05,802,179,246,297,855,188,986
2025-07-16 13:21:06,305,193,119,106,959,391,790
2025-07-16 13:21:07,183,33,250,114,833,510,178
2025-07-16 13:21:08,855,666,461,102,884,183,567
2025-07-16 13:21:09,334,689,439,454,837,766,37
2025-07-16 13:21:10,635,212,277,677,255,882,882
2025-07-16 13:21:11,832,998,597,287,664,226,674
2025-07-16 13:21:12,191,404,658,599,159,873,591
2025-07-16 13:21:13,132,207,100,271,15,312,966
2025-07-16 13:21:14,135,571,619,373,35,436,823
2025-07-16 13:21:15,673,826,359,109,53,926,694
2025-07-16 13:21:16,628,433,702,602,309,391,511
2025-07-16 13:21:17,268,548,532,655,928,607,575
2025-07-16 13:21:18,390,574,216,246,944,393,921
2025-07-16 13:21:19,710,281,30,470,26,146,806
2025-07-16 13:21:20,567,322,638,892,859,858,694
2025-07-16 13:21:21,498,651,690,341,289,562,103
2025-07-16 13:21:22,78,199,849,963,192,641,526
2025-07-16 13:21:23,478,443,667,408,416,297,876
2025-07-16 13:21:24,357,779,72,603,727,996,511
2025-07-16 13:21:25,638,101,954,254,519,968,431
2025-07-16 13:21:26,737,797,491,208,405,377,123
2025-07-16 13:21:27,937,670,364,812,561,415,949
2025-07-16 13:21:28,963,349,555,787,105,548,106
2025-07-16 13:21:29,240,195,391,939,18,90,678
2025-07-16 13:21:30,174,116,666,845,506,72,366
2025-07-16 13:21:31,472,918,200,287,955,940,184
2025-07-16 13:21:32,358,157,490,417,991,71,96
2025-07-16 13:21:33,348,4,973,693,924,141,610
2025-07-16 13:21:34,231,469,959,723,572,440,641
2025-07-16 13:21:35,912,66,320,997,661,310,57
2025-07-16 13:21:36,784,818,3,763,391,905,86
2025-07-16 13:21:37,106,816,560,101,66,325,381
2025-07-16 13:21:38,176,810,50,924,798,874,534
2025-07-16 13:21:39,408,939,6,951,562,260,113
2025-07-16 13:21:40,540,146,676,502,786,810,806
2025-07-16 13:21:41,431,324,287,660,759,936,113
2025-07-16 13:21:42,798,897,837,521,828,538,507
2025-07-16 13:21:43,205,618,618,644,178,680,183
2025-07-16 13:21:44,280,907,300,504,982,669,693
2025-07-16 13:21:45,904,552,749,826,634,441,666
2025-07-16 13:21:46,14,527,529,621,776,248,974
2025-07-16 13:21:47,980,378,312,453,127,976,444
2025-07-16 13:21:48,198,772,572,78,729,963,658
2025-07-16 13:21:49,185,995,227,150,86,745,546
2025-07-16 13:21:50,660,7,619,936,423,308,989
2025-07-16 13:21:51,662,442,44,870,611,862,243
2025-07-16 13:21:52,339,966,86,924,305,837,876
2025-07-16 13:21:53,468,674,439,438,853,723,507
2025-07-16 13:21:54,914,600,419,250,683,751,617
2025-07-16 13:21:55,640,624,92,774,377,976,231
2025-07-16 13:21:56,105,576,361,683,116,636,529
2025-07-16 13:21:57,43,260,500,764,332,882,493
2025-07-16 13:21:58,978,927,573,538,931,492,598
2025-07-16 13:21:59,360,815,942,143,353,845,151
2025-07-16 13:22:00,885,354,186,586,839,286,161
2025-07-16 13:22:01,808,373,352,571,674,464,795
2025-07-16 13:22:02,74,25,441,21,971,298,254
2025-07-16 13:22:03,596,115,419,461,850,474,936
2025-07-16 13:22:04,881,435,490,430,730,691,300
2025-07-16 13:22:05,330,232,787,608,409,520,876
2025-07-16 13:22:06,309,680,710,73,863,773,979
2025-07-16 13:22:07,467,955,182,94,827,624,615
2025-07-16 13:22:08,407,345,516,8,361,162,262
2025-07-16 13:22:09,822,422,208,294,234,351,404
2025-07-16 13:22:10,464,506,536,768,822,877,319
2025-07-16 13:22:11,682,290,750,198,210,988,267
2025-07-16 13:22:12,35,600,764,838,396,638,957
2025-07-16 13:22:13,525,368,559,224,880,251,792
2025-07-16 13:22:14,888,90,82,213,115,949,646
2025-07-16 13:22:15,931,874,505,68,127,570,139
2025-07-16 13:22:16,209,1,498,327,710,360,529
2025-07-16 13:22:17,749,815,793,260,447,483,297
2025-07-16 13:22:18,408,461,412,492,994,422,557
2025-07-16 13:22:19,768,567,3,423,142,419,616
2025-07-16 13:22:20,737,793,969,146,289,985,214
2025-07-16 13:22:21,579,916,457,550,680,634,740
2025-07-16 13:22:22,694,306,468,396,796,101,624
2025-07-16 13:22:23,972,216,602,990,97,461,857
2025-07-16 13:22:24,310,223,42,263,106,332,636
2025-07-16 13:22:25,292,359,298,212,77,972,884
2025-07-16 13:22:26,694,80,904,852,292,624,496
2025-07-16 13:22:27,932,405,145,704,824,708,977
2025-07-16 13:22:28,517,983,718,917,757,117,227
2025-07-16 13:22:29,807,132,296,622,256,924,357
2025-07-16 13:22:30,899,856,493,938,541,244,354
2025-07-16 13:22:31,908,66,960,774,737,168,417
2025-07-16 13:22:32,192,537,297,571,515,341,697
2025-07-16 13:22:33,856,252,660,301,493,775,399
2025-07-16 13:22:34,244,386,957,978,764,979,4
2025-07-16 13:22:35,374,591,795,605,796,255,973
2025-07-16 13:22:36,881,232,159,804,680,863,823
2025-07-16 13:22:37,130,829,838,594,660,321,591
2025-07-16 13:22:38,770,182,301,228,608,587,840
2025-07-16 13:22:39,318,298,335,732,742,971,736
